{
    "1": {
      "sounds": [
        "1"
      ],
      "category": "player"
    },
    "2": {
      "sounds": [
        "2"
      ],
      "category": "player"
    },
    "3": {
      "sounds": [
        "3"
      ],
      "category": "player"
    },
    "4": {
      "sounds": [
        "4"
      ],
      "category": "player"
    },
    "5": {
      "sounds": [
        "5"
      ],
      "category": "player"
    },
    "6": {
      "sounds": [
        "6"
      ],
      "category": "player"
    },
    "7": {
      "sounds": [
        "7"
      ],
      "category": "player"
    }
}